<configuration>
  <property>
    <name>javax.jdo.option.ConnectionURL</name>
    <value>jdbc:postgresql://hive-metastore/metastore</value>
  </property>
  <property>
    <name>javax.jdo.option.ConnectionDriverName</name>
    <value>org.postgresql.Driver</value>
  </property>
  <property>
    <name>javax.jdo.option.ConnectionUserName</name>
    <value>hive</value>
  </property>
  <property>
    <name>javax.jdo.option.ConnectionPassword</name>
    <value>hive</value>
  </property>
  <property>
    <name>datanucleus.schema.autoCreateTables</name>
    <value>true</value>
  </property>
</configuration>
